id,restaurant_id,name,description,category,base_type,meat_type,size_or_variant,price_pln,spicy,is_vege,image_url,available,created_at
001a11cc-a541-4f59-8a56-c2c4eafe464d,1fc1e782-bac6-47b2-978a-f6f2b38000cd,Jajecznica z 2 szt. jaj,"Jajecznica, pieczywo",Śniadanie,jajecznica,vege,,11.00,false,true,,true,2025-10-26 15:52:04.270001+00
009797c9-808b-4b8a-89b4-79d8d9ece27a,569a7d29-57be-4224-bdf3-09c483415cea,Desperado Standard,"Bułka maślana, wołowina 200g, ser cheddar, sałata, grillowana papryka, pikantna salsa, sos BBQ",Burger,burger,mięsne,standard,36.00,true,false,,true,2025-10-29 21:29:06.527172+00
029b5278-96bf-4fb9-acf1-7a29807db87d,af8448ef-974b-46c8-a4ae-b04b8dc7c9f8,"Burger wegetariański z Camembertem, frytkami oraz zestawem surówek","Burger z Camembertem, frytki, mix surówek (VEGE)",Zestaw,zestaw,vege,,45.00,false,true,,true,2025-10-26 13:27:08.692813+00
03ce8a1a-be58-407c-87df-48ab33817f5c,83566974-1017-4408-90ee-2571ccc06978,Margherita,"Sos pomidorowy, ser mozzarella, bazylia",Pizza,,,,28.00,false,false,,true,2025-10-29 14:49:19.136917+00
051b230b-91ab-4a30-a980-f00b11a8429a,fc844513-2869-4f42-b04f-c21e1e4cceb7,Pita Rollo,"Pita rollo, sos, surówka, mięso",Kebab,pita,dowolne,duży,23.00,false,false,,true,2025-12-18 10:31:10.334916+00
0541008d-da26-4a43-a51f-dc57fe124572,1fc1e782-bac6-47b2-978a-f6f2b38000cd,Placki ziemniaczane 4 szt.,Placki z ziemniaków podawane ze śmietaną,Dodatek,placki,vege,,13.00,false,true,,true,2025-10-26 15:49:59.999484+00
0556bbf2-b02e-40d1-bde8-0455b0d0cd27,70842598-1632-43f6-8015-706d5adf182f,Zupa z kaczki,500 ml,Zupy,,,,10.00,false,false,,true,2025-10-29 21:37:37.603105+00
05dc2ad5-afb2-4e2a-9911-2ed0ca62b42e,83566974-1017-4408-90ee-2571ccc06978,Quattro Formaggi,"Sos śmietanowy, mozzarella, gorgonzola, feta, parmezan",Pizza,,,,36.00,false,false,,true,2025-10-29 14:49:19.136917+00
0659a1fa-61a0-40f7-a27c-904b70cb83be,af8448ef-974b-46c8-a4ae-b04b8dc7c9f8,Pierogi ruskie,Pierogi domowe z serem i ziemniakami (VEGE),Pierogi,pierogi,vege,,36.00,false,true,,true,2025-10-26 13:35:13.879352+00
07134bc7-906d-4694-9198-c47d746b0d62,af8448ef-974b-46c8-a4ae-b04b8dc7c9f8,Ozór wołowy,Ozór wołowy w sosie chrzanowym,Wołowina,wołowina,mięsne,,31.00,false,false,,true,2025-10-26 13:33:30.847182+00
07c9429b-61c4-408e-8e30-e780b94bd740,fc844513-2869-4f42-b04f-c21e1e4cceb7,Pepsi / Mirinda / 7up,,Napoje,,,,6.00,false,false,,true,2025-10-29 22:45:07.983357+00
092d6cf6-a2a2-4693-8525-489316c3dd06,4d27fbe3-20d0-4eb4-b003-1935be53af25,Siekany tatar z polędwicy wołowej,"Kurka marynowana, dip musztardowy, żółtko przepiórcze, czerwona cebula, smażony chleb",Przystawka,przystawka,mięsne,,68.00,false,false,,true,2025-10-26 15:15:15.29404+00
09434833-357d-417f-8d82-4735fe54055c,bd9f2244-7618-4071-aa96-52616a7b4c70,Kawa Biała,Kawa czarna z dodatkiem mleka,Napój,napój,,,8.50,false,true,,true,2025-10-26 11:55:50.750805+00
099d257e-7e29-4c5d-939e-64de5fb12503,4d27fbe3-20d0-4eb4-b003-1935be53af25,Grzanka z krupniokiem,"Chutney jabłkowo-szalotkowy, musztarda francuska, chips cebulowy",Przystawka,przystawka,mięsne,,28.00,false,false,,true,2025-10-26 15:20:59.365659+00
0d5e7347-3d1e-49c6-aa8f-fa4935e50c8d,70842598-1632-43f6-8015-706d5adf182f,Kalmary chrupiące słodko-kwaśne,Z ryżem i surówką,Kalmary,,,,25.00,false,false,,true,2025-10-29 21:37:37.603105+00
0ed30e78-5262-49e0-9eb3-741f97ecc7cd,bd9f2244-7618-4071-aa96-52616a7b4c70,Sałatka z Dynią,"Mix sałat, pieczona dynia, pestki dyni, sos klonowy",Sałatka,sałatka,vege,,25.50,false,true,,true,2025-10-26 11:54:58.644557+00
0f21f44f-faad-45c1-985b-4d95bb440ccf,569a7d29-57be-4224-bdf3-09c483415cea,Milczenie Wola Double,"Bułka maślana, wołowina 400g, roszponka, ser cheddar, sałata rzymska, rukola, ogórek kiszony, sos musztardowy",Burger,burger,mięsne,double,55.00,false,false,,true,2025-10-29 21:29:06.527172+00
108af5f7-ea9e-46f2-8d06-d7837e181dce,569a7d29-57be-4224-bdf3-09c483415cea,Grzybiarz z Piekaryhill,"Bułka, wołowina, boczek, majonez, sałata, marynowana cebula, ser cheddar, grzyby, sos BBQ",Burger,burger,mięsne,,40.00,false,false,,true,2025-10-29 21:29:06.527172+00
116ac5a6-214b-4ddf-91b6-c12d2691c07d,af8448ef-974b-46c8-a4ae-b04b8dc7c9f8,"Tagliatelle ze szpinakiem, suszonymi pomidorami i płatkami migdałów","Tagliatelle ze szpinakiem, suszonymi pomidorami, migdałami (VEGE)",Makaron,makaron,vege,,32.00,false,true,,true,2025-10-26 13:33:30.847182+00
12d0db88-141e-483c-be59-0522491d5073,bd9f2244-7618-4071-aa96-52616a7b4c70,Cheddar Burger,"Wołowina, ser cheddar, sałata, pomidor, majonez",Burger,burger,mięsne,,31.00,false,false,,true,2025-10-26 11:50:51.979421+00
133d1654-8a67-4b7b-8c39-ec2a3516a94e,569a7d29-57be-4224-bdf3-09c483415cea,Milczenie Wola Standard,"Bułka maślana, wołowina 200g, roszponka, ser cheddar, sałata rzymska, rukola, ogórek kiszony, sos musztardowy",Burger,burger,mięsne,standard,46.00,false,false,,true,2025-10-29 21:29:06.527172+00
14215951-055c-4318-8030-8ee913df1f00,70842598-1632-43f6-8015-706d5adf182f,Wołowina pikantna,Z ryżem i surówką,Wołowina,,,,20.00,false,false,,true,2025-10-29 21:37:37.603105+00
1427dbd6-eccd-439e-a9fb-513b9af1124a,1fc1e782-bac6-47b2-978a-f6f2b38000cd,Kluski śląskie 7 szt.,Kluski śląskie,Dodatek,kluski,vege,,10.00,false,true,,true,2025-10-26 15:49:59.999484+00
146bcd5e-3445-448c-8c34-96858a3683b5,70842598-1632-43f6-8015-706d5adf182f,Kaczka słodko-kwaśna,Z ryżem i surówką,Kaczka,,,,23.00,false,false,,true,2025-10-29 21:37:37.603105+00
1618ab3c-f88e-4848-871a-a0ca258a77f2,70842598-1632-43f6-8015-706d5adf182f,Kurczak w cieście pięciu smaków,Z ryżem i surówką,Kurczak w cieście,,,,16.00,false,false,,true,2025-10-29 21:37:37.603105+00
16722ee1-59f8-4b27-95b1-f3bfa013aecc,1fc1e782-bac6-47b2-978a-f6f2b38000cd,Pierogi (ruskie lub z mięsem) 6 szt.,"Pierogi ruskie lub z mięsem, okrasa",Dodatek,pierogi,dowolne,,13.00,false,false,,true,2025-10-26 15:52:04.270001+00
1752a313-2457-4034-b750-40ddf477b890,569a7d29-57be-4224-bdf3-09c483415cea,Wegetrix Standard,"Bułka, camembert, warzywa grillowane, sałata, cebula, sos mango",Burger,burger,vege,,30.00,false,true,,true,2025-10-29 21:29:06.527172+00
19045063-c2dc-4e96-9e77-1e33a7894017,70842598-1632-43f6-8015-706d5adf182f,Kaczka z warzywami,Z ryżem i surówką,Kaczka,,,,23.00,false,false,,true,2025-10-29 21:37:37.603105+00
19d2b3fc-0799-4161-ae43-80892c6bb698,70842598-1632-43f6-8015-706d5adf182f,Zupa wietnamska,500 ml,Zupy,,,,10.00,false,false,,true,2025-10-29 21:37:37.603105+00
1a7eeba7-8c23-4fdb-a7c8-fcccbfa0008d,83566974-1017-4408-90ee-2571ccc06978,Capricciosa,"Sos pomidorowy, ser mozzarella, szynka, pieczarki",Pizza,,,,33.00,false,false,,true,2025-10-29 14:49:19.136917+00
1aeca8d5-1efb-4bf8-b3f7-2d18c41f402c,fc844513-2869-4f42-b04f-c21e1e4cceb7,Sos,,Przekąski,,,,3.00,false,false,,true,2025-10-29 22:45:07.983357+00
1d3569ae-ef58-4de4-9441-a6e34e907440,af8448ef-974b-46c8-a4ae-b04b8dc7c9f8,Filet z łososia na szpinaku,Łosoś pieczony na szpinaku (VEGE),Ryba,ryba,vege,,41.00,false,true,,true,2025-10-26 13:34:24.025731+00
1f69ec3e-73b4-4dc0-bb77-822eaf018e07,fc844513-2869-4f42-b04f-c21e1e4cceb7,"Coca-Cola 0,5l",,Napoje,,,,6.00,false,false,,true,2025-10-29 22:45:07.983357+00
20042ab3-700d-4d16-bdcc-da41674f5ed6,70842598-1632-43f6-8015-706d5adf182f,Wołowina po tajsku,Z ryżem i surówką,Wołowina,,,,22.00,false,false,,true,2025-10-29 21:37:37.603105+00
20d3d779-04a0-424f-9593-6c5ffa4b0fc0,af8448ef-974b-46c8-a4ae-b04b8dc7c9f8,Bratkartoffel,Frytki ziemniaczane typ niemiecki,Dodatek,dodatek,vege,,13.00,false,true,,true,2025-10-26 13:36:05.238998+00
21d3dcf7-4f4f-4e98-8959-bf77d82f6e95,af8448ef-974b-46c8-a4ae-b04b8dc7c9f8,Kluski z sosem pieczeniowym,Kluski z sosem pieczeniowym,Dla dzieci,dzieci,mięsne,,14.00,false,false,,true,2025-10-26 13:35:13.879352+00
220863b5-bbe9-4f31-ab05-40f3b3c6655e,70842598-1632-43f6-8015-706d5adf182f,Sajgonki z ryżem,"3 sztuki, z ryżem",Sajgonki,,,,11.00,false,false,,true,2025-10-29 21:37:37.603105+00
2346a6d2-4f63-4c47-b217-f752cfa02a9b,83566974-1017-4408-90ee-2571ccc06978,Hawajska,"Sos pomidorowy, ser mozzarella, szynka, ananas",Pizza,,,,32.00,false,false,,true,2025-10-29 14:53:24.683083+00
234aab0f-cbc4-459d-90d6-e95942e0e9a1,af8448ef-974b-46c8-a4ae-b04b8dc7c9f8,Kapusta modra,Surówka z czerwonej kapusty,Surówka,surówka,vege,,10.00,false,true,,true,2025-10-26 13:39:32.185561+00
25fc8af2-f262-468b-8d1c-50de992e3e3b,4d27fbe3-20d0-4eb4-b003-1935be53af25,Sałatka z dynią marynowaną w musztardzie,"Gruszka, kozi ser, pestki dyni, dressing cytrynowy, paluszki grissini",Menu sezonowe,sałatka,vege,,33.00,false,true,,true,2025-10-26 15:20:59.365659+00
26dac5d8-6ab7-44b0-b03a-b7d7c2d48260,bd9f2244-7618-4071-aa96-52616a7b4c70,Bowl Gyros-Halloumi,"Gyros wieprzowy, grillowane halloumi, frytki, kapusta pekińska, sos tzatziki",Obiad,obiad,mięsne,,47.50,false,false,,true,2025-10-26 11:51:52.659681+00
276468f3-ac28-42a3-9a98-659de1362a07,af8448ef-974b-46c8-a4ae-b04b8dc7c9f8,Żeberka wieprzowe z frytkami,"Żeberka w sosie BBQ, frytki, surówka",Zestaw,zestaw,mięsne,,45.00,false,false,,true,2025-10-26 13:27:08.692813+00
2ae8ecfa-07ec-4b71-99cd-d9ab81bd00bf,70842598-1632-43f6-8015-706d5adf182f,Wieprzowina pikantna,Z ryżem i surówką,Wieprzowina,,,,20.00,false,false,,true,2025-10-29 21:37:37.603105+00
2b00efc2-7a73-4d54-81c9-b33225627937,bd9f2244-7618-4071-aa96-52616a7b4c70,Pizza Hawajska 33cm,"Sos pomidorowy, ser mozzarella, szynka, ananas",Pizza,pizza,mięsne,33cm,36.50,false,false,,true,2025-10-26 11:44:47.976563+00
2b262123-cc0c-4c2c-878a-e85e676d2bf8,af8448ef-974b-46c8-a4ae-b04b8dc7c9f8,Kotlet schabowy,"Tradycyjny kotlet schabowy, panierowany",Wieprzowina,wieprzowina,mięsne,,27.00,false,false,,true,2025-10-26 13:27:08.692813+00
2e3858ce-ef96-4562-9a8c-ce869d96b6b6,af8448ef-974b-46c8-a4ae-b04b8dc7c9f8,Sałatka grecka z pieczywem czosnkowym,"Sałatka grecka, ser feta, warzywa, pieczywo czosnkowe (VEGE)",Sałatka,sałatka,vege,,35.00,false,true,,true,2025-10-26 13:36:05.238998+00
2e859de9-b075-4ea8-a3c8-7ca34995335e,8b00b05e-72f7-4a5f-b50c-5630a75d6312,Pizza Ekkluzivne,"oregano, oliwa, szynka parmeńska, rukola, parmezan, sos pomidorowy",Pizza,pizza,wieprzowa,,40.00,false,false,,true,2025-10-24 22:30:48.539923+00
2eb16558-be15-4453-bda1-a2996ad97670,af8448ef-974b-46c8-a4ae-b04b8dc7c9f8,Pierogi z mięsem,"Pierogi domowe z mięsem, smażone na patelni",Pierogi,pierogi,mięsne,,36.00,false,false,,true,2025-10-26 13:35:13.879352+00
2ef99ff8-e3a7-48fc-9d4a-7a387163f7ff,fc844513-2869-4f42-b04f-c21e1e4cceb7,Pita Rollo,"Pita rollo, sos, surówka, mięso",Kebab,pita,dowolne,średni,18.00,false,false,,true,2025-12-18 10:31:10.334916+00
2f1b8974-f6d0-46d8-8387-7679c54e9c28,1fc1e782-bac6-47b2-978a-f6f2b38000cd,Grillowany filet z kurczaka,"Grillowany filet, ziemniaki, surówka",Danie główne,kurczak,mięsne,,15.00,false,false,,true,2025-10-26 15:49:25.550641+00
2f252964-e281-491d-a416-b10c17afbd49,1fc1e782-bac6-47b2-978a-f6f2b38000cd,"Naleśnik z nutellą, bananami, bitą śmietaną","Nutella, banany, bita śmietana",Naleśnik,naleśnik,vege,,16.00,false,true,,true,2025-10-26 15:52:27.077386+00
2fd8fa2b-7e91-49c5-96ab-4d7f5bbd4168,af8448ef-974b-46c8-a4ae-b04b8dc7c9f8,Wątróbka drobiowa,Wątróbka drobiowa smażona z cebulką,Drób,drób,mięsne,,29.00,false,false,,true,2025-10-26 13:27:08.692813+00
32cf850c-208f-4b9e-b451-3bcb2f412162,83566974-1017-4408-90ee-2571ccc06978,Cappy Pomarańcza,Sok pomarańczowy 0.33l,Napój,,,,8.00,false,false,,true,2025-10-29 14:53:24.683083+00
332fcf43-ea18-4c21-93be-e28f3f35bd18,83566974-1017-4408-90ee-2571ccc06978,Coca-Cola Zero,"Bez cukru, puszka 0.33l",Napój,,,,9.00,false,false,,true,2025-10-29 14:53:24.683083+00
3868e30f-2e95-4b70-9b81-c2c2266ef836,1fc1e782-bac6-47b2-978a-f6f2b38000cd,Schab po beskidzku,"Schab z pieczarkami i serem, ziemniaki",Danie główne,schab,mięsne,,16.00,false,false,,true,2025-10-26 15:45:31.708804+00
3a0647be-3058-4e37-abab-e10b20ce4034,70842598-1632-43f6-8015-706d5adf182f,Wołowina 5 smaków,Z ryżem i surówką,Wołowina,,,,20.00,false,false,,true,2025-10-29 21:37:37.603105+00
3afda00f-cad2-465e-9a97-d06b145759ce,af8448ef-974b-46c8-a4ae-b04b8dc7c9f8,Rolada wieprzowa,"Rolada wieprzowa w sosie własnym, kapusta, kluski śląskie",Wieprzowina,wieprzowina,mięsne,,30.00,false,false,,true,2025-10-26 13:27:08.692813+00
3b842a08-7769-4c33-9f48-ca6f31cfaa6c,fc844513-2869-4f42-b04f-c21e1e4cceb7,Kebab amerykański,,Kebab,,,,20.00,false,false,,true,2025-10-29 22:45:07.983357+00
3b95bad4-976f-4d8b-a333-bc912d79886d,1fc1e782-bac6-47b2-978a-f6f2b38000cd,Gulasz wieprzowy po węgiersku,"Gulasz, ziemniaki, zestaw surówek",Danie główne,gulasz,mięsne,,23.00,false,false,,true,2025-10-26 15:51:18.018618+00
3befae23-b623-440f-9cd5-59f479af261c,4d27fbe3-20d0-4eb4-b003-1935be53af25,BUFFAL,"Pieczona dynia, smażone grzyby leśne, karmelizowana pomarańcza, bajgiel",Menu sezonowe,dania sezonowe,vege,,54.00,false,true,,true,2025-10-26 15:20:59.365659+00
3d04543b-8b6b-4d86-b027-e1e7228e3343,4d27fbe3-20d0-4eb4-b003-1935be53af25,Krem z dyni z białą czekoladą,"Karmelizowana gruszka, orzechy, gorgonzola, olej z pestek dyni",Menu sezonowe,zupa,vege,,35.00,false,true,,true,2025-10-26 15:15:15.29404+00
3e080f29-7e2a-4573-834b-5d80e2c5bc02,70842598-1632-43f6-8015-706d5adf182f,Zupa Won Ton,500 ml,Zupy,,,,10.00,false,false,,true,2025-10-29 21:37:37.603105+00
40d5b8a6-16da-43f9-8b5c-d51fdce618b7,70842598-1632-43f6-8015-706d5adf182f,Krewetki pikantne,Z ryżem i surówką,Krewetki,,,,24.00,false,false,,true,2025-10-29 21:37:37.603105+00
41bdf869-9415-48b2-af8a-ce5d91102318,83566974-1017-4408-90ee-2571ccc06978,Cappy Jabłko,Sok jabłkowy 0.33l,Napój,,,,8.00,false,false,,true,2025-10-29 14:53:24.683083+00
42388272-d1b8-4908-a02d-c01d8f491a8d,4d27fbe3-20d0-4eb4-b003-1935be53af25,Tagliatelle z krewetkami,"Chorizo, teriyaki, fasola mung, orzeszki pini, rukola",Makaron,tagliatelle,mięsne,,57.00,false,false,,true,2025-10-26 15:26:50.444305+00
42d19a51-8998-49a1-aa59-b45a69165284,fc844513-2869-4f42-b04f-c21e1e4cceb7,Pita Rollo z serem,"Pita rollo z serem, sos, surówka, mięso",Kebab,pita,dowolne,duży,25.00,false,false,,true,2025-12-18 10:31:10.334916+00
4356ace8-fd02-4a7f-a72f-926c3c45a5d4,af8448ef-974b-46c8-a4ae-b04b8dc7c9f8,Kluski śląskie,Kluski śląskie (6 szt.),Dodatek,dodatek,vege,,10.00,false,true,,true,2025-10-26 13:36:05.238998+00
437068d1-c013-4cdb-8f94-428af77b3252,fc844513-2869-4f42-b04f-c21e1e4cceb7,Monster Energy Drink,,Napoje,,,,9.00,false,false,,true,2025-10-29 22:45:07.983357+00
449bf26f-a549-47d2-8bc7-27453230fb80,fc844513-2869-4f42-b04f-c21e1e4cceb7,Sałatka grecka,,Przekąski,,,,15.00,false,false,,true,2025-10-29 22:45:07.983357+00
45f8620f-d214-4c56-9666-f86e699b4ddd,af8448ef-974b-46c8-a4ae-b04b8dc7c9f8,Naleśniki z serem na słodko z bitą śmietaną,"Naleśniki z serem, bita śmietana (VEGE)",Dla dzieci,dzieci,vege,,18.00,false,true,,true,2025-10-26 13:33:30.847182+00
461a6ecf-db2c-4608-a697-b50c6663965f,70842598-1632-43f6-8015-706d5adf182f,Kurczak w cieście curry,Z ryżem i surówką,Kurczak w cieście,,,,16.00,false,false,,true,2025-10-29 21:37:37.603105+00
466f572c-a232-43be-a291-b18542224878,af8448ef-974b-46c8-a4ae-b04b8dc7c9f8,Rosół z makaronem,Menu dzieci - Rosół z makaronem,Dla dzieci,dzieci,mięsne,,15.00,false,false,,true,2025-10-26 13:33:30.847182+00
485f6618-97cd-4508-9862-7267600da009,bd9f2244-7618-4071-aa96-52616a7b4c70,Sałatka Grillowany Kurczak,"Mix sałat, grillowany kurczak, pomidory koktajlowe, sos winegret",Sałatka,sałatka,mięsne,,28.00,false,false,,true,2025-10-26 11:54:58.644557+00
497b708c-d521-4567-92d3-b9459b358cef,569a7d29-57be-4224-bdf3-09c483415cea,Hot-dog by KLAPS,"Bułka do hot doga, kiełbasa, papryka, ser, cebula, jalapeno, sosy do wyboru",Hot-dog,hot-dog,mięsne,,39.00,true,false,,true,2025-10-29 21:29:06.527172+00
4b905ff3-1396-403f-9547-1e265289da78,70842598-1632-43f6-8015-706d5adf182f,Kaczka na gorącym półmisku,Z ryżem i surówką,Kaczka,,,,25.00,false,false,,true,2025-10-29 21:37:37.603105+00
4e0bf58f-d68e-44a3-93bd-e64144dbb2d4,70842598-1632-43f6-8015-706d5adf182f,Zupa krabowa,500 ml,Zupy,,,,10.00,false,false,,true,2025-10-29 21:37:37.603105+00
4e2be8d8-82b0-43f7-8bc9-bb444ec3032f,af8448ef-974b-46c8-a4ae-b04b8dc7c9f8,Ćwiartka kaczki,"Kaczka pieczona, sos pieczeniowy",Drób,drób,mięsne,,42.00,false,false,,true,2025-10-26 13:27:08.692813+00
501ca22c-591d-42e1-8e67-f8aafe7716d8,af8448ef-974b-46c8-a4ae-b04b8dc7c9f8,Krem borowikowy,"Krem z borowików, grzanka, szczypiorek (VEGE)",Zupa,zupa,vege,,22.00,false,true,,true,2025-10-26 13:25:49.038306+00
51608c00-b06d-4ee4-8e51-9461ca05de2a,83566974-1017-4408-90ee-2571ccc06978,Lody waniliowe z sosem karmelowym,3 gałki lodów waniliowych z polewą karmelową,Deser,,,,13.00,false,false,,true,2025-10-29 14:53:24.683083+00
526b8579-fab8-4861-9c35-c7074f41ce52,70842598-1632-43f6-8015-706d5adf182f,Kalmary po tajsku,Z ryżem i surówką,Kalmary,,,,27.00,false,false,,true,2025-10-29 21:37:37.603105+00
533383c1-f562-4286-a573-b50c7c4b1f44,1fc1e782-bac6-47b2-978a-f6f2b38000cd,Woda mineralna (330 ml),Woda mineralna 330 ml,Napój,woda,vege,330ml,6.00,false,true,,true,2025-10-26 15:46:12.980509+00
5358eeb0-1b38-477a-bc5a-2f5bea3a3a37,1fc1e782-bac6-47b2-978a-f6f2b38000cd,Naleśnik ze szpinakiem i serem feta,"Szpinak, ser feta, pomidor, ogórek kiszony, sos czosnkowy",Naleśnik,naleśnik,vege,,24.00,false,true,,true,2025-10-26 15:45:44.409028+00
541e5bfd-0aa0-4eea-9aae-ff1421b9727a,70842598-1632-43f6-8015-706d5adf182f,Wieprzowina Curry,Z ryżem i surówką,Wieprzowina,,,,20.00,false,false,,true,2025-10-29 21:37:37.603105+00
561fb9d8-cc0b-42ae-9ce6-f3cfdf2f8770,bd9f2244-7618-4071-aa96-52616a7b4c70,Bacon Burger,"Wołowina, bekon, ser cheddar, sałata, sos BBQ",Burger,burger,mięsne,,32.00,false,false,,true,2025-10-26 11:50:51.979421+00
56f5ee57-9939-41f5-93db-4d8116ac4f44,fc844513-2869-4f42-b04f-c21e1e4cceb7,Falafel,,Kebab,,,,13.00,false,false,,true,2025-10-29 22:45:07.983357+00
56faa966-bb22-483d-ab5c-742e9d7d73d8,8b00b05e-72f7-4a5f-b50c-5630a75d6312,Kofola klasyczna,napój gazowany 0.5l,Napoje,napój,,0.5l,12.00,false,true,,true,2025-10-24 22:30:48.539923+00
58883dda-e573-42f1-841e-de12b1862abb,af8448ef-974b-46c8-a4ae-b04b8dc7c9f8,Ziemniaki z wody,Ziemniaki gotowane (150g),Dodatek,dodatek,vege,,9.00,false,true,,true,2025-10-26 13:36:05.238998+00
5a221e70-dca3-4344-b27a-9f8e0354499e,af8448ef-974b-46c8-a4ae-b04b8dc7c9f8,Wodzionka,"Wodzionka śląska z czosnkiem, podawana z bukaszanem",Zupa,zupa,,,20.00,false,false,,true,2025-10-26 13:25:49.038306+00
5ad9f937-c232-4259-9e1f-e528d16dce10,bd9f2244-7618-4071-aa96-52616a7b4c70,Kawa Czarna,Świeżo parzona kawa czarna,Napój,napój,,,8.00,false,true,,true,2025-10-26 11:55:50.750805+00
5e28cdc5-a8c4-43ad-a866-880f3963d862,1fc1e782-bac6-47b2-978a-f6f2b38000cd,Placki po węgiersku z gulaszem wieprzowym,"Placki ziemniaczane, gulasz wieprzowy",Danie główne,placki,mięsne,,22.00,false,false,,true,2025-10-26 15:52:04.270001+00
5fcb0b3c-6f27-40bf-941d-dd38ef47dcad,fc844513-2869-4f42-b04f-c21e1e4cceb7,Pita Rollo z serem,"Pita rollo z serem, sos, surówka, mięso",Kebab,pita,dowolne,średni,20.00,false,false,,true,2025-12-18 10:31:10.334916+00
6201f101-584a-431b-ad84-253aa5640cc3,569a7d29-57be-4224-bdf3-09c483415cea,Kosmiczne Jaja Double,"Bułka maślana, 100% wołowina 400g, ser cheddar, grillowany boczek, jajko sadzone, sałata, pomidor, grillowana cebula czerwona, sos majonezowy, BBQ",Burger,burger,mięsne,double,46.00,false,false,,true,2025-10-29 21:29:06.527172+00
640376e9-38e0-4c38-a67f-1d154ee5deb5,af8448ef-974b-46c8-a4ae-b04b8dc7c9f8,Żur śląski na talerzu,Żur śląski podawany na talerzu,Zupa,zupa,mięsne,,22.00,false,false,,true,2025-10-26 13:25:49.038306+00
64790043-99e4-42ed-8550-e82ac7a8defa,70842598-1632-43f6-8015-706d5adf182f,Kaczka po tajsku,Z ryżem i surówką,Kaczka,,,,23.00,false,false,,true,2025-10-29 21:37:37.603105+00
66c7c70a-1c03-4cd3-a342-985113bb06da,83566974-1017-4408-90ee-2571ccc06978,Sprite,Cytrynowo-limonkowy napój gazowany 0.33l,Napój,,,,9.00,false,false,,true,2025-10-29 14:53:24.683083+00
678dcc8c-121a-4d29-bfb1-9b1b0942b59c,70842598-1632-43f6-8015-706d5adf182f,Kurczak po tajsku,Z ryżem i surówką,Kurczak,,,,18.00,false,false,,true,2025-10-29 21:37:37.603105+00
680c91fe-4d3e-47d0-a485-74361b01c2b8,bd9f2244-7618-4071-aa96-52616a7b4c70,Sos Pikantny,Ostry sos pomidorowy z papryką chili,Sos,sos,,,5.00,true,true,,true,2025-10-26 11:55:50.750805+00
68377d29-08e8-4cbe-a2d5-f718fb9a0879,fc844513-2869-4f42-b04f-c21e1e4cceb7,Oshee,,Napoje,,,,6.00,false,false,,true,2025-10-29 22:45:07.983357+00
686ab999-6db2-4b50-a7c1-449d33e839b7,83566974-1017-4408-90ee-2571ccc06978,Spinaci,"Sos śmietanowy, ser mozzarella, szpinak, czosnek, ricotta",Pizza,,,,33.00,false,false,,true,2025-10-29 14:49:19.136917+00
6a1b8e19-96b9-4638-9165-5b20fc846f06,fc844513-2869-4f42-b04f-c21e1e4cceb7,Pita Rollo,"Pita rollo, sos, surówka, mięso",Kebab,pita,dowolne,mega,28.00,false,false,,true,2025-12-18 10:31:10.334916+00
6acd64f4-36c5-4337-9175-b2f418ee567d,8b00b05e-72f7-4a5f-b50c-5630a75d6312,Zupa pomidorowa,zupa pomidorowa z makaronem,Zupy,zupa,,,13.00,false,true,,true,2025-10-24 22:30:48.539923+00
6b717727-0ee0-40b4-85d7-29b28a6a91b0,70842598-1632-43f6-8015-706d5adf182f,Pierogi SiuMai z ryżem i surówką,"Pierogi SiuMai 3 szt., z ryżem i surówką",Sajgonki,,,,15.00,false,false,,true,2025-10-29 21:37:37.603105+00
6cd5fc0b-7473-4548-8147-0b868e0ea7d7,af8448ef-974b-46c8-a4ae-b04b8dc7c9f8,Grillowany filet z kurczaka,"Filet z kurczaka grillowany, przyprawy",Drób,drób,mięsne,,27.00,false,false,,true,2025-10-26 13:27:08.692813+00
6d56a7ab-b78b-4f21-acb3-c82e3fde5476,af8448ef-974b-46c8-a4ae-b04b8dc7c9f8,Miruna w panierce,"Miruna panierowana, frytki, sałatka (VEGE)",Ryba,ryba,vege,,32.00,false,true,,true,2025-10-26 13:33:30.847182+00
6ea26598-d62d-43b6-b9b2-ad608623a110,70842598-1632-43f6-8015-706d5adf182f,Kaczka pikantna,Z ryżem i surówką,Kaczka,,,,23.00,false,false,,true,2025-10-29 21:37:37.603105+00
6edfdf0f-71e3-478c-bceb-0a9c58d75100,fc844513-2869-4f42-b04f-c21e1e4cceb7,Frytki z serem,,Przekąski,,,,9.00,false,false,,true,2025-10-29 22:45:07.983357+00
6fb3ddc7-b598-4ade-9b73-c7f9ea9297bb,70842598-1632-43f6-8015-706d5adf182f,Kurczak w cieście słodko-kwaśny,Z ryżem i surówką,Kurczak w cieście,,,,16.00,false,false,,true,2025-10-29 21:37:37.603105+00
6fe4e0f4-7b8a-4bfc-9bcc-9475b7f56fb1,fc844513-2869-4f42-b04f-c21e1e4cceb7,"Coca-Cola 0,3l",,Napoje,,,,5.00,false,false,,true,2025-10-29 22:45:07.983357+00
708f5cc4-cdec-48d0-9c29-28585bbc1811,70842598-1632-43f6-8015-706d5adf182f,Zupa z kurczakiem,500 ml,Zupy,,,,10.00,false,false,,true,2025-10-29 21:37:37.603105+00
719b56ba-1e0c-4e98-b5ad-5736b2ac036d,4d27fbe3-20d0-4eb4-b003-1935be53af25,Kartacze z dzikiem,"Czerwona kapusta z dynią, sos grzybowy, oliwa szczypiorkowa, chips cebulowy",Menu sezonowe,danie główne,mięsne,,48.00,false,false,,true,2025-10-26 15:20:59.365659+00
725351a2-6c59-4f70-a0da-bb2ef5f3a5a2,8b00b05e-72f7-4a5f-b50c-5630a75d6312,Pizza Láska Nebeská,"oregano, oliwa, parmezan, rukola, szynka parmeńska, sos pomidorowy",Pizza,pizza,wieprzowa,,42.00,false,false,,true,2025-10-24 22:30:48.539923+00
7350cd9f-0d40-46c6-bda2-1bea8e5cb05d,1fc1e782-bac6-47b2-978a-f6f2b38000cd,Wątróbka drobiowa,"Wątróbka, cebulka, ziemniaki, surówka",Danie główne,wątróbka,mięsne,,16.00,false,false,,true,2025-10-26 15:51:18.018618+00
739cdfe1-328f-45a7-bad7-a490761bb43c,1fc1e782-bac6-47b2-978a-f6f2b38000cd,Filet z kurczaka tradycyjny (panierowany),"Filet drobiowy panierowany, ziemniaki, surówka",Danie główne,kurczak,mięsne,,15.00,false,false,,true,2025-10-26 15:49:25.550641+00
73cc8a65-ece9-45e6-96c4-07361dc5c8cd,70842598-1632-43f6-8015-706d5adf182f,Kurczak na gorącym półmisku,Z ryżem i surówką,Kurczak,,,,22.00,false,false,,true,2025-10-29 21:37:37.603105+00
74ca5e8e-f03b-43f2-9451-51f6b75a31bb,70842598-1632-43f6-8015-706d5adf182f,Sajgonki z surówką,"3 sztuki, z surówką",Sajgonki,,,,11.00,false,false,,true,2025-10-29 21:37:37.603105+00
76321ab0-c8b2-45d0-83fc-a3b17c7a0181,bd9f2244-7618-4071-aa96-52616a7b4c70,Sałatka z Serem Camembert,"Mix sałat, ser camembert, żurawina, orzechy, sos ziołowy",Sałatka,sałatka,vege,,27.00,false,true,,true,2025-10-26 11:54:58.644557+00
76c2c80f-0e48-46e9-b3c8-b9b0684f6831,bd9f2244-7618-4071-aa96-52616a7b4c70,Bowl Kurczak Zapiekany z Serem,"Kawałki kurczaka zapiekane z serem, surówka, kapusta pekińska, frytki, sos tzatziki",Obiad,obiad,mięsne,,42.50,false,false,,true,2025-10-26 11:51:52.659681+00
76fec2e7-ebe6-402e-8309-166e4ad63a86,70842598-1632-43f6-8015-706d5adf182f,Kalmary chrupiące pikantne,Z ryżem i surówką,Kalmary,,,,25.00,false,false,,true,2025-10-29 21:37:37.603105+00
7b8fcc66-a57f-4edd-9cbb-20e4a2603699,af8448ef-974b-46c8-a4ae-b04b8dc7c9f8,Zupa pomidorowa,Zupa pomidorowa z makaronem 230ml,Zupa,zupa,vege,,20.00,false,true,,true,2025-10-26 13:25:49.038306+00
7beac934-6b7c-49f7-915f-bcc966c2fb59,1fc1e782-bac6-47b2-978a-f6f2b38000cd,Tradycyjny schabowy,Schabowy z ziemniakami i serem/pieczarkami,Danie główne,schabowy,mięsne,,16.00,false,false,,true,2025-10-26 15:45:31.708804+00
7d164335-be7d-4ec7-a16a-b52811b0e660,bd9f2244-7618-4071-aa96-52616a7b4c70,Vege Burger,"Kotlet z halloumi, grillowana cukinia, sałata, sos jogurtowy",Burger,burger,vege,,28.00,false,true,,true,2025-10-26 11:50:51.979421+00
7de49898-5dea-46c6-9228-8f9c0f936689,fc844513-2869-4f42-b04f-c21e1e4cceb7,Ayran Turecki,,Napoje,,,,5.00,false,false,,true,2025-10-29 22:45:07.983357+00
7e4f7098-4ec8-43bc-bd6d-038ae5ab1c45,569a7d29-57be-4224-bdf3-09c483415cea,Kosmiczne Jaja Standard,"Bułka maślana, 100% wołowina 200g, ser cheddar, grillowany boczek, jajko sadzone, sałata, pomidor, grillowana cebula czerwona, sos majonezowy, BBQ",Burger,burger,mięsne,standard,36.00,false,false,,true,2025-10-29 21:29:06.527172+00
808e82e9-3bc5-43d9-a8bf-7a83dc85ef7e,83566974-1017-4408-90ee-2571ccc06978,Vegetariana,"Sos pomidorowy, ser mozzarella, papryka, cebula, kukurydza, pieczarki",Pizza,,,,31.00,false,false,,true,2025-10-29 14:49:19.136917+00
8126ad25-9bc9-4010-b205-5cfb9dea25a8,70842598-1632-43f6-8015-706d5adf182f,Sajgonki z ryżem i surówką,"3 sztuki, z ryżem i surówką",Sajgonki,,,,13.00,false,false,,true,2025-10-29 21:37:37.603105+00
81bdaca4-c866-43ca-904f-50705f67fe81,70842598-1632-43f6-8015-706d5adf182f,Krewetki z warzywami,Z ryżem i surówką,Krewetki,,,,24.00,false,false,,true,2025-10-29 21:37:37.603105+00
82a2ad16-e3e2-4f39-8dde-671ba334d549,af8448ef-974b-46c8-a4ae-b04b8dc7c9f8,Carbonara a'la Hubertus,"Makaron carbonara z boczkiem, śmietaną",Makaron,makaron,mięsne,,38.00,false,false,,true,2025-10-26 13:33:48.117972+00
832e3395-cd6f-4119-acc0-68290e6ba693,fc844513-2869-4f42-b04f-c21e1e4cceb7,Baklava,,Przekąski,,,,6.00,false,false,,true,2025-10-29 22:45:07.983357+00
83f38f19-0286-46bf-9c47-833f0033b2ce,bd9f2244-7618-4071-aa96-52616a7b4c70,Cappuccino,Delikatne cappuccino z aksamitną pianką mleczną,Napój,napój,,,10.50,false,true,,true,2025-10-26 11:55:50.750805+00
8492d2e8-fc47-4381-af16-8ef4e1aa7b04,83566974-1017-4408-90ee-2571ccc06978,Panna Cotta,Z musem truskawkowym,Deser,,,,15.00,false,false,,true,2025-10-29 14:53:24.683083+00
85835718-0788-4ed8-8395-c8c2d193b3bd,af8448ef-974b-46c8-a4ae-b04b8dc7c9f8,Kotlety czopskie,"Kotlety wieprzowe z cebulą, frytki, surówka",Zestaw,zestaw,mięsne,,54.00,false,false,,true,2025-10-26 13:27:08.692813+00
872ea3b9-95ab-41bf-80d5-2600c9235adb,70842598-1632-43f6-8015-706d5adf182f,Kalmary chrupiące Curry,Z ryżem i surówką,Kalmary,,,,25.00,false,false,,true,2025-10-29 21:37:37.603105+00
874d0582-4920-4a27-a2d7-bbb7523a737b,70842598-1632-43f6-8015-706d5adf182f,Kaczka po chińsku,Z ryżem i surówką,Kaczka,,,,23.00,false,false,,true,2025-10-29 21:37:37.603105+00
87c5cd30-6264-4363-84a7-f6305a76f58f,8b00b05e-72f7-4a5f-b50c-5630a75d6312,Fanta,"Napój gazowany o smaku pomarańczowym, 0.5 l",Napoje,napój,,0.5 l,10.00,false,true,,true,2025-10-25 02:07:59.866597+00
8807ef42-1964-455b-9a03-34ac177806e5,bd9f2244-7618-4071-aa96-52616a7b4c70,Zapiekaniec,"Makaron z sosem bolognese, pieczarki przesmażone, zapieczone serem",Obiad,obiad,mięsne,,28.50,false,false,,true,2025-10-26 11:51:52.659681+00
88a82f7d-2b8b-4302-a703-9d02eab69612,70842598-1632-43f6-8015-706d5adf182f,Kurczak w cieście pikantny,Z ryżem i surówką,Kurczak w cieście,,,,16.00,false,false,,true,2025-10-29 21:37:37.603105+00
88bdda15-6f90-4139-80c2-6243161abddb,70842598-1632-43f6-8015-706d5adf182f,Kurczak słodko-kwaśny,Z ryżem i surówką,Kurczak,,,,16.00,false,false,,true,2025-10-29 21:37:37.603105+00
89a2f6a5-3bfd-43f0-8822-423ab2650c38,fc844513-2869-4f42-b04f-c21e1e4cceb7,Mango Sok,,Napoje,,,,6.00,false,false,,true,2025-10-29 22:45:07.983357+00
8a6b0046-6c97-4f1f-a520-3d25ab1704c1,1fc1e782-bac6-47b2-978a-f6f2b38000cd,"Coca-Cola, Fanta, Sprite, Cappy (200 ml)","Napój, 200 ml",Napój,napój,vege,200ml,7.00,false,true,,true,2025-10-26 15:46:12.980509+00
8b349d28-7518-46da-9fd5-4d43d9748f4e,af8448ef-974b-46c8-a4ae-b04b8dc7c9f8,Sałatka Hubertusa z pieczywem czosnkowym,"Sałatka mix: grillowany kurczak, camembert, warzywa, pieczywo czosnkowe",Sałatka,sałatka,mięsne,,38.00,false,false,,true,2025-10-26 13:36:05.238998+00
8bc94398-8056-4cc2-bf60-a43dec30a61d,70842598-1632-43f6-8015-706d5adf182f,Kalmary chrupiące w pięciu smakach,Z ryżem i surówką,Kalmary,,,,25.00,false,false,,true,2025-10-29 21:37:37.603105+00
8dcb0a80-df84-4c1e-9035-ed3570ce66a8,1fc1e782-bac6-47b2-978a-f6f2b38000cd,Zupa dnia,Zupa dnia,Zupa,zupa,dowolne,,9.00,false,true,,true,2025-10-26 15:44:41.653605+00
8de072df-9eed-4b2d-88a1-d2937d2e493e,83566974-1017-4408-90ee-2571ccc06978,Pollo,"Sos śmietanowy, ser mozzarella, kurczak, brokuły, cebula",Pizza,,,,34.00,false,false,,true,2025-10-29 14:49:19.136917+00
8e6ce7ec-d046-48a5-a31b-b210747c6434,af8448ef-974b-46c8-a4ae-b04b8dc7c9f8,Flaki z indyka,"Flaki z indyka, 230ml",Zupa,zupa,mięsne,,24.00,false,false,,true,2025-10-26 13:25:49.038306+00
8ed5ff4a-8f10-4b0b-bc6c-b6c801254f23,1fc1e782-bac6-47b2-978a-f6f2b38000cd,Filet z kurczaka po hawajsku,"Filet, ananas, ser, sos, ziemniaki, surówka",Danie główne,kurczak,mięsne,,19.00,false,false,,true,2025-10-26 15:49:25.550641+00
91088af5-2a2a-4bb3-96af-8907fcd4471e,83566974-1017-4408-90ee-2571ccc06978,Diavola,"Sos pomidorowy, ser mozzarella, pikantne salami, papryczki jalapeño",Pizza,,,,34.00,false,false,,true,2025-10-29 14:49:19.136917+00
9227713f-02a3-43e6-8f98-727603693a36,bd9f2244-7618-4071-aa96-52616a7b4c70,Filet Grillowany,"Filet grillowany, frytki, mix sałat z sosem winegret",Obiad,obiad,mięsne,,40.00,false,false,,true,2025-10-26 11:51:52.659681+00
94a1e6c6-353e-4a2d-83e1-958f15bd5613,1fc1e782-bac6-47b2-978a-f6f2b38000cd,Rosół z makaronem,Rosół z makaronem,Zupa,rosół,mięsne,,10.00,false,false,,true,2025-10-26 15:44:41.653605+00
94bda615-67a8-4a8f-91e9-056a06516333,70842598-1632-43f6-8015-706d5adf182f,Wieprzowina po tajsku,Z ryżem i surówką,Wieprzowina,,,,21.00,false,false,,true,2025-10-29 21:37:37.603105+00
95c82914-a56b-463a-9eb5-acf6fb66329e,569a7d29-57be-4224-bdf3-09c483415cea,Rodzina Serano Double,"Bułka maślana, wołowina 400g, ser cheddar, mozzarella, camembert, czerwona cebula, sos czosnkowy, sos BBQ",Burger,burger,mięsne,double,47.00,false,false,,true,2025-10-29 21:29:06.527172+00
98f101f9-5890-41ea-826a-1341b9f82d23,bd9f2244-7618-4071-aa96-52616a7b4c70,Pulled Pork Bowl Pikantny,"Szarpana wieprzowina, frytki, mix sałat z sosem winegret",Obiad,obiad,mięsne,,46.00,true,false,,true,2025-10-26 11:51:52.659681+00
9a1da01f-03f5-44de-85c2-483c2ae10928,8b00b05e-72f7-4a5f-b50c-5630a75d6312,Coca-Cola,"Napój gazowany, 0.5 l",Napoje,napój,,0.5 l,10.00,false,true,,true,2025-10-25 02:07:59.866597+00
9c920acb-7fa5-4f69-9e70-29674ac83bff,4d27fbe3-20d0-4eb4-b003-1935be53af25,Makaron ryżowy z warzywami,"Sos mango-kokos, tofu wędzone, groszek cukrowy",Makaron,makaron ryżowy,vege,,37.00,false,true,,true,2025-10-26 15:26:50.444305+00
9dfb221f-313e-4e0d-b5f8-39b18f164744,af8448ef-974b-46c8-a4ae-b04b8dc7c9f8,Stek z halibuta smażony na maśle,Halibut smażony na maśle (VEGE),Ryba,ryba,vege,,35.00,false,true,,true,2025-10-26 13:34:24.025731+00
9ea9a9d9-4af4-474a-b209-be99c1482151,af8448ef-974b-46c8-a4ae-b04b8dc7c9f8,Żur śląski w chlebie,"Żur śląski podawany w chlebie, 230 ml",Zupa,zupa,mięsne,,29.00,false,false,,true,2025-10-26 13:25:49.038306+00
a031b926-01ef-4c01-bdac-8b89d9d00873,1fc1e782-bac6-47b2-978a-f6f2b38000cd,Rolada wołowa (na zamówienie),Rolada wołowa z ziemniakami i surówką,Danie główne,rolada,mięsne,,27.00,false,false,,true,2025-10-26 15:51:06.643942+00
a15220e5-b694-404d-8e90-f263b6f56eed,bd9f2244-7618-4071-aa96-52616a7b4c70,Better Than Drwal - Wołowina,"Wołowina, ser cheddar, sałata, sos BBQ, cebula",Burger,burger,mięsne,,34.00,false,false,,true,2025-10-26 11:50:51.979421+00
a1a67286-2aaf-4cb7-ae05-50573652391c,569a7d29-57be-4224-bdf3-09c483415cea,Desperado Double,"Bułka maślana, wołowina 400g, ser cheddar, sałata, grillowana papryka, pikantna salsa, sos BBQ",Burger,burger,mięsne,double,46.00,true,false,,true,2025-10-29 21:29:06.527172+00
a4d0be39-99dc-4964-8b7f-cdea821149e7,70842598-1632-43f6-8015-706d5adf182f,Krewetki Curry,Z ryżem i surówką,Krewetki,,,,24.00,false,false,,true,2025-10-29 21:37:37.603105+00
a58aebb0-57cd-49f5-95bc-79188dbd09e4,af8448ef-974b-46c8-a4ae-b04b8dc7c9f8,Kapusta zasmażana,Surówka z kiszonej kapusty,Surówka,surówka,vege,,10.00,false,true,,true,2025-10-26 13:39:32.185561+00
a66f3e48-608b-4f5e-84cc-3e4510caea12,4d27fbe3-20d0-4eb4-b003-1935be53af25,Carpaccio z kaczki marynowanej w grzańcu,"Karmelizowana gruszka, orzechy, rukola, pomarańczowy krem balsamiczny",Przystawka,przystawka,mięsne,,36.00,false,false,,true,2025-10-26 15:15:15.29404+00
a71888bc-e36d-4e0e-b24f-6f016af25ca0,8b00b05e-72f7-4a5f-b50c-5630a75d6312,Pizza Šunková,"oregano, oliwa, szynka gotowana, mozzarella, sos pomidorowy",Pizza,pizza,wieprzowa,,37.00,false,false,,true,2025-10-24 22:30:48.539923+00
a8f17761-83ee-4ad5-b7f0-5982759c7b82,af8448ef-974b-46c8-a4ae-b04b8dc7c9f8,Nuggetsy z frytkami oraz surówką z marchewki,"Kurczak nuggetsy, frytki, surówka z marchewki",Dla dzieci,dzieci,mięsne,,20.00,false,false,,true,2025-10-26 13:40:03.214139+00
a9559402-f915-464b-9308-c78b559ffe5a,83566974-1017-4408-90ee-2571ccc06978,Salami,"Sos pomidorowy, ser mozzarella, salami, cebula, oregano",Pizza,,,,32.00,false,false,,true,2025-10-29 14:49:19.136917+00
aae26530-2752-44aa-b1bc-802f61cf44ff,70842598-1632-43f6-8015-706d5adf182f,Wołowina na gorącym półmisku,Z ryżem i surówką,Wołowina,,,,25.00,false,false,,true,2025-10-29 21:37:37.603105+00
aca47896-a4d6-4779-98d5-25b3442dfad1,8b00b05e-72f7-4a5f-b50c-5630a75d6312,Piwo Tyskie,Piwo butelkowe 0.5 l,Napoje,piwo,,0.5 l,12.00,false,false,,true,2025-10-25 02:07:59.866597+00
ae0fb590-deb6-4631-ade6-01250021d9d8,af8448ef-974b-46c8-a4ae-b04b8dc7c9f8,Deska zakąsek dla dwojga,"Mix przystawek: szynka, pasztet, ogórek, mangary, ser, pieczywo",Przystawka,przystawka,,,40.00,false,false,,true,2025-10-26 13:25:49.038306+00
b0c81826-cd44-47f9-876a-048d29b660b4,af8448ef-974b-46c8-a4ae-b04b8dc7c9f8,Polędwica wieprzowa,"Grillowana polędwica wieprzowa, sos pieczeniowy",Wieprzowina,wieprzowina,mięsne,,50.00,false,false,,true,2025-10-26 13:27:08.692813+00
b17a1118-f0cb-42e2-b907-fd774c7dd079,70842598-1632-43f6-8015-706d5adf182f,Kurczak z warzywami,Z ryżem i surówką,Kurczak,,,,16.00,false,false,,true,2025-10-29 21:37:37.603105+00
b3952092-d7bf-4752-a894-56cd476065c7,bd9f2244-7618-4071-aa96-52616a7b4c70,Sernik z Musem Malinowym,Sernik domowy z musem malinowym na spodzie ciasteczkowym,Deser,deser,,,16.00,false,false,,true,2025-10-26 11:54:58.644557+00
b3d168cf-e312-4f77-b81d-6ef118da8cf6,1fc1e782-bac6-47b2-978a-f6f2b38000cd,Naleśnik z kurczakiem i warzywami,"Filet z kurczaka, brokuły, marchew, sałata",Naleśnik,naleśnik,mięsne,,24.00,false,false,,true,2025-10-26 15:45:44.409028+00
b5bde246-f3e9-4854-8bcf-c60787647ca0,569a7d29-57be-4224-bdf3-09c483415cea,Halloween Double,"Bułka maślana, wołowina 400g, ser cheddar, grillowana dynia w pomarańczy, pestki dyni, czerwona cebula, roszponka, chutney dyniowy, sos mango",Burger,burger,mięsne,double,49.00,false,false,,true,2025-10-29 21:29:06.527172+00
b72ffe53-5082-4e3a-8c0d-54bb527662bf,1fc1e782-bac6-47b2-978a-f6f2b38000cd,Lody z gorącymi malinami i bitą śmietaną,"Lody, gorące maliny, bita śmietana",Deser,lody,vege,,18.00,false,true,,true,2025-10-26 15:45:53.945113+00
b81642bb-f61c-4266-8990-14b02308622e,af8448ef-974b-46c8-a4ae-b04b8dc7c9f8,Gyros z frytkami i tzatziki,"Kurczak gyros, frytki, sos tzatziki",Zestaw,zestaw,mięsne,,43.00,false,false,,true,2025-10-26 13:27:08.692813+00
b8270977-f403-4eed-95b6-1586572ec00b,70842598-1632-43f6-8015-706d5adf182f,Krewetki na gorącym półmisku,Z ryżem i surówką,Krewetki,,,,27.00,false,false,,true,2025-10-29 21:37:37.603105+00
b8aaf7eb-e2c8-4bd9-83fe-d0f2f63afcca,bd9f2244-7618-4071-aa96-52616a7b4c70,Krem z Cebuli i Czosnku,Z grzanką czosnkową i prażoną cebulką,Zupa,zupa,,,28.00,false,false,,true,2025-10-26 11:51:52.659681+00
ba40ff88-8ce2-4458-b432-d8a0dc7e4083,569a7d29-57be-4224-bdf3-09c483415cea,Żwirek i Muchomorek Standard,"Bułka maślana, placuszki portobello z autorskiej panierki, rukola, sałata, soczewica z prażonym słonecznikiem, papryka, ser feta, czerwona cebula, sos majonezowy, mango i curry",Burger,burger,vege,standard,30.00,false,true,,true,2025-10-29 21:29:06.527172+00
bad5f584-35d3-49c7-b759-d338593c9d10,70842598-1632-43f6-8015-706d5adf182f,Sajgonki 3 szt.,Podawane z sosem,Sajgonki,,,,9.00,false,false,,true,2025-10-29 21:37:37.603105+00
baf48f16-4bb8-4f8a-a73c-84cb511389de,70842598-1632-43f6-8015-706d5adf182f,Pierogi Ho Cao z ryżem i surówką,"Pierogi Ho Cao 3 szt., z ryżem i surówką",Sajgonki,,,,15.00,false,false,,true,2025-10-29 21:37:37.603105+00
bbb0582c-85e6-4612-9311-8f1ced33d30f,4d27fbe3-20d0-4eb4-b003-1935be53af25,Wędzony pstrąg,"Tatar warzywny, figa, oliwa szczypiorkowa, puder z oliwki",Przystawka,przystawka,ryba,,43.00,false,false,,true,2025-10-26 15:15:15.29404+00
bcc7c9f2-f541-4b7e-9f4d-804d2d6cae6b,70842598-1632-43f6-8015-706d5adf182f,Zupa łajska,500 ml,Zupy,,,,10.00,false,false,,true,2025-10-29 21:37:37.603105+00
bceaac7c-08b5-422d-8a58-3d6414a49e1e,569a7d29-57be-4224-bdf3-09c483415cea,Rodzina Serano Standard,"Bułka maślana, wołowina 200g, ser cheddar, mozzarella, camembert, czerwona cebula, sos czosnkowy, sos BBQ",Burger,burger,mięsne,standard,37.00,false,false,,true,2025-10-29 21:29:06.527172+00
bd8ee105-de1d-444a-bad7-ed77850a21a1,1fc1e782-bac6-47b2-978a-f6f2b38000cd,Pieczeń wieprzowa,"Pieczeń wieprzowa, ziemniaki, surówka",Danie główne,pieczeń,mięsne,,20.00,false,false,,true,2025-10-26 15:51:06.643942+00
bf2a190a-e1e4-4eb7-bc14-896ff5528a01,70842598-1632-43f6-8015-706d5adf182f,Wołowina Curry,Z ryżem i surówką,Wołowina,,,,20.00,false,false,,true,2025-10-29 21:37:37.603105+00
bf4a9202-2e13-4b5c-91cb-37a06f633f5d,bd9f2244-7618-4071-aa96-52616a7b4c70,Sos Jogurtowy,Sos jogurtowy ziołowy,Sos,sos,,,5.00,false,true,,true,2025-10-26 11:55:50.750805+00
c0d40005-33fb-409b-8b81-a3de0a846ba5,83566974-1017-4408-90ee-2571ccc06978,Prosciutto e Funghi,"Sos pomidorowy, ser mozzarella, szynka parmeńska, pieczarki",Pizza,,,,33.00,false,false,,true,2025-10-29 14:49:19.136917+00
c18fc34f-179f-493a-b0e0-53fcce2bcb1a,bd9f2244-7618-4071-aa96-52616a7b4c70,Sałatka Halloumi,"Mix sałat, grillowany halloumi, pestki dyni, sos jogurtowy",Sałatka,sałatka,vege,,27.00,false,true,,true,2025-10-26 11:54:58.644557+00
c2049b42-5ca6-4bac-90c2-5c4840312940,70842598-1632-43f6-8015-706d5adf182f,Kurczak po chińsku,Z ryżem i surówką,Kurczak,,,,17.00,false,false,,true,2025-10-29 21:37:37.603105+00
c5e1d9ed-9ae2-4a5a-85ef-7deb2ea25bc3,83566974-1017-4408-90ee-2571ccc06978,Fanta Pomarańczowa,"Orzeźwiająca, puszka 0.33l",Napój,,,,9.00,false,false,,true,2025-10-29 14:53:24.683083+00
c5f2cf04-e5e5-4bc6-bf98-31086b1b4351,bd9f2244-7618-4071-aa96-52616a7b4c70,Spicy Burger,"Wołowina, jalapeno, sos pikantny, ser cheddar",Burger,burger,mięsne,,33.00,true,false,,true,2025-10-26 11:50:51.979421+00
c63f0c75-a809-4b6e-bafb-a2ca64c8b5c2,8b00b05e-72f7-4a5f-b50c-5630a75d6312,Sałatka z halloumi,"rukola, grillowana gruszka, ser halloumi, żurawina",Sałatki,sałatka,vege,,39.00,false,true,,true,2025-10-24 22:30:48.539923+00
c6b011fa-882d-4894-a84f-9a41acae5dbc,569a7d29-57be-4224-bdf3-09c483415cea,Halloween Standard,"Bułka maślana, wołowina 200g, ser cheddar, grillowana dynia w pomarańczy, pestki dyni, czerwona cebula, roszponka, chutney dyniowy, sos mango",Burger,burger,mięsne,standard,39.00,false,false,,true,2025-10-29 21:29:06.527172+00
c70efb8e-ca55-4f05-a17b-b2f9e004384e,70842598-1632-43f6-8015-706d5adf182f,Kurczak pikantny,Z ryżem i surówką,Kurczak,,,,16.00,false,false,,true,2025-10-29 21:37:37.603105+00
c77f76fe-f77d-4a91-858e-4ec34d8d2110,569a7d29-57be-4224-bdf3-09c483415cea,Smak Vegas,"Bułka maślana, sałata rzymska, pomidor, kotlet vege ""stek"" warzywny, ser cheddar, grillowana grzyby, cebula, sos mango, BBQ",Burger,burger,vege,standard,36.00,false,true,,true,2025-10-29 21:29:06.527172+00
ca3c33dd-d0ce-4655-a8f1-608d8cb5786d,af8448ef-974b-46c8-a4ae-b04b8dc7c9f8,Pstrąg na ziołowo,Pstrąg gotowany na parze z ziołami,Ryba,ryba,mięsne,,39.00,false,false,,true,2025-10-26 13:34:24.025731+00
ccfeeec6-8e39-45c0-8b40-38f22776834d,70842598-1632-43f6-8015-706d5adf182f,Wieprzowina pięciu smaków,Z ryżem i surówką,Wieprzowina,,,,20.00,false,false,,true,2025-10-29 21:37:37.603105+00
cd4dae3e-e80b-4b36-9319-54a79db2ddb4,fc844513-2869-4f42-b04f-c21e1e4cceb7,Pita Rollo,"Pita rollo, sos, surówka, mięso",Kebab,pita,dowolne,mały,14.00,false,false,,true,2025-12-18 10:31:10.334916+00
d315d78e-6df8-494f-82f1-2c960b5553dd,af8448ef-974b-46c8-a4ae-b04b8dc7c9f8,Barszcz z tortellini,Barszcz czerwony z tortellini serowym,Zupa,zupa,vege,,22.00,false,true,,true,2025-10-26 13:25:49.038306+00
d3b2a58a-baa3-4a30-a25c-e98e5d5dc6ac,af8448ef-974b-46c8-a4ae-b04b8dc7c9f8,Burger wołowy z frytkami i surówką,"Burger wołowy, frytki, mix surówek",Zestaw,zestaw,mięsne,,47.00,false,false,,true,2025-10-26 13:27:08.692813+00
d500bd1f-bda1-4500-8986-5db20f92b504,70842598-1632-43f6-8015-706d5adf182f,Kalmary na gorącym półmisku,Z ryżem i surówką,Kalmary,,,,27.00,false,false,,true,2025-10-29 21:37:37.603105+00
d5020c7b-17b1-45a3-9ba6-1664a50ac5f9,8b00b05e-72f7-4a5f-b50c-5630a75d6312,Golonka confit,"golonka, kapusta zasmażana, ziemniaki, musztarda, chrzan",Dania główne,mięsne,wieprzowa,,79.00,false,false,,true,2025-10-24 22:30:48.539923+00
d65946a0-416e-4730-8d9e-16429b6370e0,af8448ef-974b-46c8-a4ae-b04b8dc7c9f8,Camembert z żurawiną,"Sery camembert na ciepło z żurawiną, VEGE",Przystawka,przystawka,vege,,25.00,false,true,,true,2025-10-26 13:25:49.038306+00
d671cd1a-052a-4a63-a68b-99979204fb2a,569a7d29-57be-4224-bdf3-09c483415cea,Wegetrix Double,"Bułka maślana, camembert, warzywa grillowane, sałata, pomidor, rukola, cebula czerwona, sos mango",Burger,burger,vege,double,39.00,false,true,,true,2025-10-29 21:29:06.527172+00
d883515b-29df-47f5-89e3-4a7f674cbc04,70842598-1632-43f6-8015-706d5adf182f,Wieprzowina słodko-kwaśna,Z ryżem i surówką,Wieprzowina,,,,20.00,false,false,,true,2025-10-29 21:37:37.603105+00
d8d17836-68be-45ba-a00d-a67f039a296d,bd9f2244-7618-4071-aa96-52616a7b4c70,Flat White,Intensywna czarna kawa z kremową pianką mleczną,Napój,napój,,,10.00,false,true,,true,2025-10-26 11:55:50.750805+00
d93a26fd-9163-4b75-849c-40490a15583e,70842598-1632-43f6-8015-706d5adf182f,Wieprzowina z warzywami,Z ryżem i surówką,Wieprzowina,,,,20.00,false,false,,true,2025-10-29 21:37:37.603105+00
d979c714-f6f8-48bb-93ab-9531b8587b14,af8448ef-974b-46c8-a4ae-b04b8dc7c9f8,Kurczak po parysku,"Kurczak panierowany, przyprawy",Drób,drób,mięsne,,27.00,false,false,,true,2025-10-26 13:27:08.692813+00
d9ea7293-2726-4b20-ae08-deec10f0a30f,1fc1e782-bac6-47b2-978a-f6f2b38000cd,Kroket (z kapustą i grzybami/bądź z mięsem) 1 szt.,"Kroket domowy, farsz do wyboru",Dodatek,kroket,dowolne,,8.00,false,false,,true,2025-10-26 15:49:59.999484+00
da311fa3-2ff1-4813-aa86-78fa62fe66fe,bd9f2244-7618-4071-aa96-52616a7b4c70,Bowl z Dynią,"Szarpany kurczak, pieczona dynia, mix sałat, sos klonowy, suszone pomidory, frytki, sos jogurtowo-ziołowy",Obiad,obiad,mięsne,,48.50,false,false,,true,2025-10-26 11:51:52.659681+00
da5765e4-9537-49f6-885d-77b6a0aa6c7d,8b00b05e-72f7-4a5f-b50c-5630a75d6312,Rumcajsowy Burger,"mięso wołowe, camembert, żurawina, cebula, rukola, sos majonezowy, frytki",Burgery,burger,wołowina,,42.00,false,false,,true,2025-10-24 22:30:48.539923+00
db275777-fb4c-4a88-af5c-f89210ad7f3b,bd9f2244-7618-4071-aa96-52616a7b4c70,Pizza Pepperoni 33cm,"Sos pomidorowy, ser mozzarella, pepperoni",Pizza,pizza,mięsne,33cm,35.00,false,false,,true,2025-10-26 11:44:47.976563+00
df133e95-e52d-4bbc-971d-b8fc5fade7a2,fc844513-2869-4f42-b04f-c21e1e4cceb7,Nuggets box,,Kebab,,,,15.00,false,false,,true,2025-10-29 22:45:07.983357+00
e0825375-5306-47c9-9786-cb8ed45884ba,bd9f2244-7618-4071-aa96-52616a7b4c70,Pizza Margherita 33cm,"Sos pomidorowy, ser mozzarella, oregano",Pizza,pizza,vege,33cm,33.00,false,true,,true,2025-10-26 11:44:47.976563+00
e092d885-7e8b-4ce6-841f-c5d6d9e25329,70842598-1632-43f6-8015-706d5adf182f,Wołowina z warzywami,Z ryżem i surówką,Wołowina,,,,20.00,false,false,,true,2025-10-29 21:37:37.603105+00
e2c24a39-39cc-4939-abcd-6064d845b804,fc844513-2869-4f42-b04f-c21e1e4cceb7,Pita Rollo z serem,"Pita rollo z serem, sos, surówka, mięso",Kebab,pita,dowolne,mega,30.00,false,false,,true,2025-12-18 10:31:10.334916+00
e378615b-c8ac-42d8-8f0b-102f966209db,1fc1e782-bac6-47b2-978a-f6f2b38000cd,Naleśnik z dżemem truskawkowym lub wiśniowym,Naleśnik z dżemem,Naleśnik,naleśnik,vege,,13.00,false,true,,true,2025-10-26 15:52:27.077386+00
e40452f2-0b66-45ef-a414-15f41d2c1688,569a7d29-57be-4224-bdf3-09c483415cea,Klaps Fiction Standard,"Bułka maślana, wołowina 200g, ser cheddar, sałata, ogórek, pomidor, sos majonezowy, sos BBQ",Burger,burger,mięsne,standard,32.00,false,false,,true,2025-10-29 21:29:06.527172+00
e472c234-04d2-4872-a635-761f00f9853c,83566974-1017-4408-90ee-2571ccc06978,Brownie,Czekoladowe ciasto z orzechami włoskimi,Deser,,,,14.00,false,false,,true,2025-10-29 14:53:24.683083+00
e531c793-007a-4ed6-858f-64339048a6af,fc844513-2869-4f42-b04f-c21e1e4cceb7,Sok Cappy,,Napoje,,,,5.00,false,false,,true,2025-10-29 22:45:07.983357+00
e76023f0-7439-498c-9ab1-852708fe2fab,bd9f2244-7618-4071-aa96-52616a7b4c70,Latte,Kawa latte z mlekiem,Napój,napój,,,10.50,false,true,,true,2025-10-26 11:55:50.750805+00
e8496674-8134-4072-90bb-e01d245b3777,569a7d29-57be-4224-bdf3-09c483415cea,Klaps Fiction Double,"Bułka maślana, wołowina 400g, ser cheddar, sałata, ogórek, pomidor, sos majonezowy, sos BBQ",Burger,burger,mięsne,double,42.00,false,false,,true,2025-10-29 21:29:06.527172+00
e939262c-f11a-4f06-b513-204c82e2bf4c,1fc1e782-bac6-47b2-978a-f6f2b38000cd,Fondant czekoladowy z lodami i bitą śmietaną,"Fondant czekoladowy, lody, bita śmietana",Deser,fondant,vege,,22.00,false,true,,true,2025-10-26 15:45:53.945113+00
e9875272-e615-4676-a07c-391954446ef2,569a7d29-57be-4224-bdf3-09c483415cea,Onionator,"Bułka, wołowina, sałata lodowa, grillowany krążek cebulowy, ser cheddar, ogórek konserwowy, cebula czerwona, rukola, sos rosyjski",Burger,burger,mięsne,,45.00,false,false,,true,2025-10-29 21:29:06.527172+00
ea57b823-a0ae-41b8-b424-1735e1bbcf19,bd9f2244-7618-4071-aa96-52616a7b4c70,Pizza Vege 33cm,"Sos pomidorowy, ser mozzarella, grillowane warzywa",Pizza,pizza,vege,33cm,37.00,false,true,,true,2025-10-26 11:44:47.976563+00
ec99cc51-a627-465b-828a-6ad9c81f8bfd,bd9f2244-7618-4071-aa96-52616a7b4c70,Pizza Capricciosa 33cm,"Sos pomidorowy, ser mozzarella, szynka, pieczarki",Pizza,pizza,mięsne,33cm,38.50,false,false,,true,2025-10-26 11:44:47.976563+00
ed0502fa-eb68-453c-b6e0-e6fdff88f7df,fc844513-2869-4f42-b04f-c21e1e4cceb7,Frytki z Indii masala,,Przekąski,,,,7.00,false,false,,true,2025-10-29 22:45:07.983357+00
ed40a3d4-ef53-44c1-bf1f-b9fb4a311867,af8448ef-974b-46c8-a4ae-b04b8dc7c9f8,Gęsie żołądki,"Gęsie żołądki w sosie własnym z cebulą, podawane z grzanką",Przystawka,przystawka,mięsne,,32.00,false,false,,true,2025-10-26 13:25:49.038306+00
ee20a783-4875-436b-9f6c-4a91e99629f5,fc844513-2869-4f42-b04f-c21e1e4cceb7,Burn,,Napoje,,,,7.00,false,false,,true,2025-10-29 22:45:07.983357+00
f2088900-a4b7-49e3-b8da-154c9af21448,af8448ef-974b-46c8-a4ae-b04b8dc7c9f8,Kotlet po szwajcarsku,"Kotlet wieprzowy panierowany, ser, szynka",Wieprzowina,wieprzowina,mięsne,,32.00,false,false,,true,2025-10-26 13:27:08.692813+00
f258b191-e92b-4331-8c5e-008342d28cf5,bd9f2244-7618-4071-aa96-52616a7b4c70,Sałatka Cezar Callzone,"Mix sałat, grzanki, ser parmezan, kurczak, sos cezar",Sałatka,sałatka,mięsne,,25.00,false,false,,true,2025-10-26 11:54:58.644557+00
f3eb7fe1-6e7d-47db-a98a-8cbf36b8e506,fc844513-2869-4f42-b04f-c21e1e4cceb7,"Coca-Cola 0,85l",,Napoje,,,,8.00,false,false,,true,2025-10-29 22:45:07.983357+00
f410c8de-3ed6-40e8-8e05-2b61a01e1a25,fc844513-2869-4f42-b04f-c21e1e4cceb7,Pita Rollo z serem,"Pita rollo z serem, sos, surówka, mięso",Kebab,pita,dowolne,mały,16.00,false,false,,true,2025-12-18 10:31:10.334916+00
f42c4281-34a4-4478-9ffd-64427d7f91e1,70842598-1632-43f6-8015-706d5adf182f,Krewetki po tajsku,Z ryżem i surówką,Krewetki,,,,25.00,false,false,,true,2025-10-29 21:37:37.603105+00
f5cd9ea8-d596-4ef7-b182-e75af101852c,569a7d29-57be-4224-bdf3-09c483415cea,MrDrwal,"Bułka, wołowina, boczek grillowany, sałata lodowa, prażona cebulka, parowany ser, sos drwala",Burger,burger,mięsne,,40.00,false,false,,true,2025-10-29 21:29:06.527172+00
f5d7c74e-e3b0-4ff9-9103-8c6c4a36e854,83566974-1017-4408-90ee-2571ccc06978,Woda Mineralna,Niegazowana lub gazowana 0.5l,Napój,,,,6.00,false,false,,true,2025-10-29 14:53:24.683083+00
f6d71802-096c-4b90-b613-2c02a35d48b3,bd9f2244-7618-4071-aa96-52616a7b4c70,Pepsi 0.85L,Napój gazowany Pepsi 0.85L,Napój,napój,,0.85L,11.00,false,true,,true,2025-10-26 11:55:50.750805+00
f76c1d98-f1cc-4bff-b24d-4c040e87af8f,bd9f2244-7618-4071-aa96-52616a7b4c70,Ciasto Marchewkowe,Wilgotne ciasto marchewkowe z orzechami włoskimi i kremem śmietankowym,Deser,deser,,,15.00,false,false,,true,2025-10-26 11:54:58.644557+00
f8f6ebaa-0bc1-4acf-b990-94a4e4d11233,af8448ef-974b-46c8-a4ae-b04b8dc7c9f8,Dzikie placki,Placki ziemniaczane z sosem mięsnym,Zestaw,zestaw,mięsne,,48.00,false,false,,true,2025-10-26 13:27:08.692813+00
f9327ddd-1e36-48b0-a7c1-ea07bc95e991,bd9f2244-7618-4071-aa96-52616a7b4c70,Szarlotka,"Szarlotka z cynamonem i kruszonką, podawana na ciepło",Deser,deser,,,14.00,false,false,,true,2025-10-26 11:54:58.644557+00
f9a23bd0-f0f2-4d14-bdef-16969dde7312,83566974-1017-4408-90ee-2571ccc06978,Tiramisu,Klasyczny włoski deser z mascarpone i kakao,Deser,,,,16.00,false,false,,true,2025-10-29 14:53:24.683083+00
fb7dd1db-85ce-4163-8174-1bbdfedf80d4,af8448ef-974b-46c8-a4ae-b04b8dc7c9f8,Rolada wołowa,Rolada wołowa z marynowanymi warzywami,Wołowina,wołowina,mięsne,,36.00,false,false,,true,2025-10-26 13:33:30.847182+00
fc2191c3-f277-41e6-94d0-c48893ebeb4d,bd9f2244-7618-4071-aa96-52616a7b4c70,Sałatka z Serem Feta,"Mix sałat, ser feta, pomidory, oliwki, sos winegret",Sałatka,sałatka,vege,,25.00,false,true,,true,2025-10-26 11:54:58.644557+00
fc4bcc1b-b736-483d-b08f-0ec209170a09,bd9f2244-7618-4071-aa96-52616a7b4c70,Sos Tzatziki,"Sos jogurtowy z ogórkiem, czosnkiem i ziołami",Sos,sos,,,5.00,false,true,,true,2025-10-26 11:55:50.750805+00
fecf6c54-17f4-4bb6-8a50-6a5944a11728,569a7d29-57be-4224-bdf3-09c483415cea,Głodzilla,"Bułka maślana, 100% wołowina 200g, grillowany boczek, ser camembert, nachos, papryka, sałata rzymska, czerwona cebula, sos mango, czosnek",Burger,burger,mięsne,,59.00,false,false,,true,2025-10-29 21:29:06.527172+00
ffd6f362-92a3-44ad-a43f-f6f439750212,83566974-1017-4408-90ee-2571ccc06978,Coca-Cola,"Klasyczna, zimna puszka 0.33l",Napój,,,,9.00,false,false,,true,2025-10-29 14:53:24.683083+00